{
    "UUID": "DebugTextViewer@invisibleup",
    "Name": "Debug Text Viewer",
    "Info": "Replaces 'dummy_printf' with an actual printf to stdout for debugging use.",
    "Author": "InvisibleUp",
    "Version": 1,
    "Date": "2016-10-16",
    "Category": "Code",
    "ML_Ver": "1.0.0",
    "Game": "SonicR_PC_1998",
    "dependencies": [
        {
            "Name": "Program Init Hook",
            "Ver": "1",
            "Auth": "InvisibleUp",
            "UUID": "InitHook@invisibleup"
        }
    ],
    "variables": [
        {
            "UUID": "HookCount.InitHook@invisibleup",
            "Type": "uInt8",
            "Update": "1"
        }
    ],
    "patches": [
        {
            "ID": "DebugText_Init.DebugTextViewer@invisibleup",
            "Mode": "COPY",
            "File": "SONICR.EXE",
            "FileType": "PE",
            "Start": "0",
            "End": "2147483647",
            "Len": "144",
            "SrcFile": "bin/DebugText_Init.o",
            "SrcFileType": "",
            "SrcFileLoc": "Mod",
            "SrcStart": "52",
            "SrcEnd": "196",
            "AddType": "",
            "Value": "",
            "Condition": ""
        },
        {
            "ID": ".rodata.str1.1.DebugText_Init.DebugTextViewer@invisibleup",
            "Mode": "COPY",
            "File": "SONICR.EXE",
            "FileType": "PE",
            "Start": "0",
            "End": "0x7FFFFFFF",
            "Len": "78",
            "SrcFile": "bin/DebugText_Init.o",
            "SrcFileType": "",
            "SrcFileLoc": "Mod",
            "SrcStart": "196",
            "SrcEnd": "274",
            "AddType": "Expression",
            "Value": "",
            "Condition": ""
        },
        {
            "ID": "0.DebugText_Init.DebugTextViewer@invisibleup",
            "Mode": "REPL",
            "File": "SONICR.EXE",
            "FileType": "PE",
            "Start": "$ Start.DebugText_Init.DebugTextViewer@invisibleup + 10",
            "End": "$ Start.DebugText_Init.DebugTextViewer@invisibleup + 14",
            "Len": "4",
            "SrcFile": "bin/DebugText_Init.o",
            "SrcFileType": "",
            "SrcFileLoc": "Mod",
            "SrcStart": "52",
            "SrcEnd": "196",
            "AddType": "Expression",
            "Value": "$ Start..rodata.str1.1.DebugText_Init.DebugTextViewer@invisibleup + 0",
            "Condition": ""
        },
        {
            "ID": "1.DebugText_Init.DebugTextViewer@invisibleup",
            "Mode": "REPL",
            "File": "SONICR.EXE",
            "FileType": "PE",
            "Start": "$ Start.DebugText_Init.DebugTextViewer@invisibleup + 15",
            "End": "$ Start.DebugText_Init.DebugTextViewer@invisibleup + 19",
            "Len": "4",
            "SrcFile": "bin/DebugText_Init.o",
            "SrcFileType": "",
            "SrcFileLoc": "Mod",
            "SrcStart": "52",
            "SrcEnd": "196",
            "AddType": "Expression",
            "Value": "$ Start.LoadLibraryA.MODLOADER@invisibleup",
            "Condition": ""
        },
        {
            "ID": "2.DebugText_Init.DebugTextViewer@invisibleup",
            "Mode": "REPL",
            "File": "SONICR.EXE",
            "FileType": "PE",
            "Start": "$ Start.DebugText_Init.DebugTextViewer@invisibleup + 22",
            "End": "$ Start.DebugText_Init.DebugTextViewer@invisibleup + 26",
            "Len": "4",
            "SrcFile": "bin/DebugText_Init.o",
            "SrcFileType": "",
            "SrcFileLoc": "Mod",
            "SrcStart": "52",
            "SrcEnd": "196",
            "AddType": "Expression",
            "Value": "$ Start..rodata.str1.1.DebugText_Init.DebugTextViewer@invisibleup + 11",
            "Condition": ""
        },
        {
            "ID": "3.DebugText_Init.DebugTextViewer@invisibleup",
            "Mode": "REPL",
            "File": "SONICR.EXE",
            "FileType": "PE",
            "Start": "$ Start.DebugText_Init.DebugTextViewer@invisibleup + 27",
            "End": "$ Start.DebugText_Init.DebugTextViewer@invisibleup + 31",
            "Len": "4",
            "SrcFile": "bin/DebugText_Init.o",
            "SrcFileType": "",
            "SrcFileLoc": "Mod",
            "SrcStart": "52",
            "SrcEnd": "196",
            "AddType": "Expression",
            "Value": "$ Start.LoadLibraryA.MODLOADER@invisibleup",
            "Condition": ""
        },
        {
            "ID": "4.DebugText_Init.DebugTextViewer@invisibleup",
            "Mode": "REPL",
            "File": "SONICR.EXE",
            "FileType": "PE",
            "Start": "$ Start.DebugText_Init.DebugTextViewer@invisibleup + 37",
            "End": "$ Start.DebugText_Init.DebugTextViewer@invisibleup + 41",
            "Len": "4",
            "SrcFile": "bin/DebugText_Init.o",
            "SrcFileType": "",
            "SrcFileLoc": "Mod",
            "SrcStart": "52",
            "SrcEnd": "196",
            "AddType": "Expression",
            "Value": "$ Start..rodata.str1.1.DebugText_Init.DebugTextViewer@invisibleup + 24",
            "Condition": ""
        },
        {
            "ID": "5.DebugText_Init.DebugTextViewer@invisibleup",
            "Mode": "REPL",
            "File": "SONICR.EXE",
            "FileType": "PE",
            "Start": "$ Start.DebugText_Init.DebugTextViewer@invisibleup + 43",
            "End": "$ Start.DebugText_Init.DebugTextViewer@invisibleup + 47",
            "Len": "4",
            "SrcFile": "bin/DebugText_Init.o",
            "SrcFileType": "",
            "SrcFileLoc": "Mod",
            "SrcStart": "52",
            "SrcEnd": "196",
            "AddType": "Expression",
            "Value": "$ Start.GetProcAddress.MODLOADER@invisibleup",
            "Condition": ""
        },
        {
            "ID": "6.DebugText_Init.DebugTextViewer@invisibleup",
            "Mode": "REPL",
            "File": "SONICR.EXE",
            "FileType": "PE",
            "Start": "$ Start.DebugText_Init.DebugTextViewer@invisibleup + 50",
            "End": "$ Start.DebugText_Init.DebugTextViewer@invisibleup + 54",
            "Len": "4",
            "SrcFile": "bin/DebugText_Init.o",
            "SrcFileType": "",
            "SrcFileLoc": "Mod",
            "SrcStart": "52",
            "SrcEnd": "196",
            "AddType": "Expression",
            "Value": "$ Start..rodata.str1.1.DebugText_Init.DebugTextViewer@invisibleup + 32",
            "Condition": ""
        },
        {
            "ID": "7.DebugText_Init.DebugTextViewer@invisibleup",
            "Mode": "REPL",
            "File": "SONICR.EXE",
            "FileType": "PE",
            "Start": "$ Start.DebugText_Init.DebugTextViewer@invisibleup + 56",
            "End": "$ Start.DebugText_Init.DebugTextViewer@invisibleup + 60",
            "Len": "4",
            "SrcFile": "bin/DebugText_Init.o",
            "SrcFileType": "",
            "SrcFileLoc": "Mod",
            "SrcStart": "52",
            "SrcEnd": "196",
            "AddType": "Expression",
            "Value": "$ Start.GetProcAddress.MODLOADER@invisibleup",
            "Condition": ""
        },
        {
            "ID": "8.DebugText_Init.DebugTextViewer@invisibleup",
            "Mode": "REPL",
            "File": "SONICR.EXE",
            "FileType": "PE",
            "Start": "$ Start.DebugText_Init.DebugTextViewer@invisibleup + 64",
            "End": "$ Start.DebugText_Init.DebugTextViewer@invisibleup + 68",
            "Len": "4",
            "SrcFile": "bin/DebugText_Init.o",
            "SrcFileType": "",
            "SrcFileLoc": "Mod",
            "SrcStart": "52",
            "SrcEnd": "196",
            "AddType": "Expression",
            "Value": "$ Start..rodata.str1.1.DebugText_Init.DebugTextViewer@invisibleup + 45",
            "Condition": ""
        },
        {
            "ID": "9.DebugText_Init.DebugTextViewer@invisibleup",
            "Mode": "REPL",
            "File": "SONICR.EXE",
            "FileType": "PE",
            "Start": "$ Start.DebugText_Init.DebugTextViewer@invisibleup + 70",
            "End": "$ Start.DebugText_Init.DebugTextViewer@invisibleup + 74",
            "Len": "4",
            "SrcFile": "bin/DebugText_Init.o",
            "SrcFileType": "",
            "SrcFileLoc": "Mod",
            "SrcStart": "52",
            "SrcEnd": "196",
            "AddType": "Expression",
            "Value": "$ Start.GetProcAddress.MODLOADER@invisibleup",
            "Condition": ""
        },
        {
            "ID": "10.DebugText_Init.DebugTextViewer@invisibleup",
            "Mode": "REPL",
            "File": "SONICR.EXE",
            "FileType": "PE",
            "Start": "$ Start.DebugText_Init.DebugTextViewer@invisibleup + 78",
            "End": "$ Start.DebugText_Init.DebugTextViewer@invisibleup + 82",
            "Len": "4",
            "SrcFile": "bin/DebugText_Init.o",
            "SrcFileType": "",
            "SrcFileLoc": "Mod",
            "SrcStart": "52",
            "SrcEnd": "196",
            "AddType": "Expression",
            "Value": "$ Start..rodata.str1.1.DebugText_Init.DebugTextViewer@invisibleup + 57",
            "Condition": ""
        },
        {
            "ID": "11.DebugText_Init.DebugTextViewer@invisibleup",
            "Mode": "REPL",
            "File": "SONICR.EXE",
            "FileType": "PE",
            "Start": "$ Start.DebugText_Init.DebugTextViewer@invisibleup + 84",
            "End": "$ Start.DebugText_Init.DebugTextViewer@invisibleup + 88",
            "Len": "4",
            "SrcFile": "bin/DebugText_Init.o",
            "SrcFileType": "",
            "SrcFileLoc": "Mod",
            "SrcStart": "52",
            "SrcEnd": "196",
            "AddType": "Expression",
            "Value": "$ Start.GetProcAddress.MODLOADER@invisibleup",
            "Condition": ""
        },
        {
            "ID": "12.DebugText_Init.DebugTextViewer@invisibleup",
            "Mode": "REPL",
            "File": "SONICR.EXE",
            "FileType": "PE",
            "Start": "$ Start.DebugText_Init.DebugTextViewer@invisibleup + 112",
            "End": "$ Start.DebugText_Init.DebugTextViewer@invisibleup + 116",
            "Len": "4",
            "SrcFile": "bin/DebugText_Init.o",
            "SrcFileType": "",
            "SrcFileLoc": "Mod",
            "SrcStart": "52",
            "SrcEnd": "196",
            "AddType": "Expression",
            "Value": "$ Start..rodata.str1.1.DebugText_Init.DebugTextViewer@invisibleup + 68",
            "Condition": ""
        },
        {
            "ID": "13.DebugText_Init.DebugTextViewer@invisibleup",
            "Mode": "REPL",
            "File": "SONICR.EXE",
            "FileType": "PE",
            "Start": "$ Start.DebugText_Init.DebugTextViewer@invisibleup + 117",
            "End": "$ Start.DebugText_Init.DebugTextViewer@invisibleup + 121",
            "Len": "4",
            "SrcFile": "bin/DebugText_Init.o",
            "SrcFileType": "",
            "SrcFileLoc": "Mod",
            "SrcStart": "52",
            "SrcEnd": "196",
            "AddType": "Expression",
            "Value": "$ Start..rodata.str1.1.DebugText_Init.DebugTextViewer@invisibleup + 70",
            "Condition": ""
        },
        {
            "ID": "DebugText_Write.DebugTextViewer@invisibleup",
            "Mode": "COPY",
            "File": "SONICR.EXE",
            "FileType": "PE",
            "Start": "0",
            "End": "2147483647",
            "Len": "95",
            "SrcFile": "bin/DebugText_Write.o",
            "SrcFileType": "",
            "SrcFileLoc": "Mod",
            "SrcStart": "52",
            "SrcEnd": "147",
            "AddType": "",
            "Value": "",
            "Condition": ""
        },
        {
            "ID": ".rodata.str1.1.DebugText_Write.DebugTextViewer@invisibleup",
            "Mode": "COPY",
            "File": "SONICR.EXE",
            "FileType": "PE",
            "Start": "0",
            "End": "0x7FFFFFFF",
            "Len": "44",
            "SrcFile": "bin/DebugText_Write.o",
            "SrcFileType": "",
            "SrcFileLoc": "Mod",
            "SrcStart": "147",
            "SrcEnd": "191",
            "AddType": "Expression",
            "Value": "",
            "Condition": ""
        },
        {
            "ID": "0.DebugText_Write.DebugTextViewer@invisibleup",
            "Mode": "REPL",
            "File": "SONICR.EXE",
            "FileType": "PE",
            "Start": "$ Start.DebugText_Write.DebugTextViewer@invisibleup + 10",
            "End": "$ Start.DebugText_Write.DebugTextViewer@invisibleup + 14",
            "Len": "4",
            "SrcFile": "bin/DebugText_Write.o",
            "SrcFileType": "",
            "SrcFileLoc": "Mod",
            "SrcStart": "52",
            "SrcEnd": "147",
            "AddType": "Expression",
            "Value": "$ Start..rodata.str1.1.DebugText_Write.DebugTextViewer@invisibleup + 0",
            "Condition": ""
        },
        {
            "ID": "1.DebugText_Write.DebugTextViewer@invisibleup",
            "Mode": "REPL",
            "File": "SONICR.EXE",
            "FileType": "PE",
            "Start": "$ Start.DebugText_Write.DebugTextViewer@invisibleup + 15",
            "End": "$ Start.DebugText_Write.DebugTextViewer@invisibleup + 19",
            "Len": "4",
            "SrcFile": "bin/DebugText_Write.o",
            "SrcFileType": "",
            "SrcFileLoc": "Mod",
            "SrcStart": "52",
            "SrcEnd": "147",
            "AddType": "Expression",
            "Value": "$ Start.LoadLibraryA.MODLOADER@invisibleup",
            "Condition": ""
        },
        {
            "ID": "2.DebugText_Write.DebugTextViewer@invisibleup",
            "Mode": "REPL",
            "File": "SONICR.EXE",
            "FileType": "PE",
            "Start": "$ Start.DebugText_Write.DebugTextViewer@invisibleup + 22",
            "End": "$ Start.DebugText_Write.DebugTextViewer@invisibleup + 26",
            "Len": "4",
            "SrcFile": "bin/DebugText_Write.o",
            "SrcFileType": "",
            "SrcFileLoc": "Mod",
            "SrcStart": "52",
            "SrcEnd": "147",
            "AddType": "Expression",
            "Value": "$ Start..rodata.str1.1.DebugText_Write.DebugTextViewer@invisibleup + 11",
            "Condition": ""
        },
        {
            "ID": "3.DebugText_Write.DebugTextViewer@invisibleup",
            "Mode": "REPL",
            "File": "SONICR.EXE",
            "FileType": "PE",
            "Start": "$ Start.DebugText_Write.DebugTextViewer@invisibleup + 27",
            "End": "$ Start.DebugText_Write.DebugTextViewer@invisibleup + 31",
            "Len": "4",
            "SrcFile": "bin/DebugText_Write.o",
            "SrcFileType": "",
            "SrcFileLoc": "Mod",
            "SrcStart": "52",
            "SrcEnd": "147",
            "AddType": "Expression",
            "Value": "$ Start.LoadLibraryA.MODLOADER@invisibleup",
            "Condition": ""
        },
        {
            "ID": "4.DebugText_Write.DebugTextViewer@invisibleup",
            "Mode": "REPL",
            "File": "SONICR.EXE",
            "FileType": "PE",
            "Start": "$ Start.DebugText_Write.DebugTextViewer@invisibleup + 37",
            "End": "$ Start.DebugText_Write.DebugTextViewer@invisibleup + 41",
            "Len": "4",
            "SrcFile": "bin/DebugText_Write.o",
            "SrcFileType": "",
            "SrcFileLoc": "Mod",
            "SrcStart": "52",
            "SrcEnd": "147",
            "AddType": "Expression",
            "Value": "$ Start..rodata.str1.1.DebugText_Write.DebugTextViewer@invisibleup + 24",
            "Condition": ""
        },
        {
            "ID": "5.DebugText_Write.DebugTextViewer@invisibleup",
            "Mode": "REPL",
            "File": "SONICR.EXE",
            "FileType": "PE",
            "Start": "$ Start.DebugText_Write.DebugTextViewer@invisibleup + 43",
            "End": "$ Start.DebugText_Write.DebugTextViewer@invisibleup + 47",
            "Len": "4",
            "SrcFile": "bin/DebugText_Write.o",
            "SrcFileType": "",
            "SrcFileLoc": "Mod",
            "SrcStart": "52",
            "SrcEnd": "147",
            "AddType": "Expression",
            "Value": "$ Start.GetProcAddress.MODLOADER@invisibleup",
            "Condition": ""
        },
        {
            "ID": "6.DebugText_Write.DebugTextViewer@invisibleup",
            "Mode": "REPL",
            "File": "SONICR.EXE",
            "FileType": "PE",
            "Start": "$ Start.DebugText_Write.DebugTextViewer@invisibleup + 51",
            "End": "$ Start.DebugText_Write.DebugTextViewer@invisibleup + 55",
            "Len": "4",
            "SrcFile": "bin/DebugText_Write.o",
            "SrcFileType": "",
            "SrcFileLoc": "Mod",
            "SrcStart": "52",
            "SrcEnd": "147",
            "AddType": "Expression",
            "Value": "$ Start..rodata.str1.1.DebugText_Write.DebugTextViewer@invisibleup + 32",
            "Condition": ""
        },
        {
            "ID": "7.DebugText_Write.DebugTextViewer@invisibleup",
            "Mode": "REPL",
            "File": "SONICR.EXE",
            "FileType": "PE",
            "Start": "$ Start.DebugText_Write.DebugTextViewer@invisibleup + 57",
            "End": "$ Start.DebugText_Write.DebugTextViewer@invisibleup + 61",
            "Len": "4",
            "SrcFile": "bin/DebugText_Write.o",
            "SrcFileType": "",
            "SrcFileLoc": "Mod",
            "SrcStart": "52",
            "SrcEnd": "147",
            "AddType": "Expression",
            "Value": "$ Start.GetProcAddress.MODLOADER@invisibleup",
            "Condition": ""
        },
        {
            "ID": "",
            "Mode": "CLEAR",
            "File": "SONICR.EXE",
            "FileType": "PE",
            "Start": "4395328",
            "End": "4395340",
            "Len": "5",
            "SrcFile": "bin/Printf_Dummy.o",
            "SrcFileType": "",
            "SrcFileLoc": "Mod",
            "SrcStart": "52",
            "SrcEnd": "57",
            "AddType": "",
            "Value": "",
            "Condition": ""
        },
        {
            "ID": "Printf_Dummy.DebugTextViewer@invisibleup",
            "Mode": "COPY",
            "File": "SONICR.EXE",
            "FileType": "PE",
            "Start": "4395328",
            "End": "4395340",
            "Len": "5",
            "SrcFile": "bin/Printf_Dummy.o",
            "SrcFileType": "",
            "SrcFileLoc": "Mod",
            "SrcStart": "52",
            "SrcEnd": "57",
            "AddType": "",
            "Value": "",
            "Condition": ""
        },
        {
            "ID": "0.Printf_Dummy.DebugTextViewer@invisibleup",
            "Mode": "REPL",
            "File": "SONICR.EXE",
            "FileType": "PE",
            "Start": "$ Start.Printf_Dummy.DebugTextViewer@invisibleup + 1",
            "End": "$ Start.Printf_Dummy.DebugTextViewer@invisibleup + 5",
            "Len": "4",
            "SrcFile": "bin/Printf_Dummy.o",
            "SrcFileType": "",
            "SrcFileLoc": "Mod",
            "SrcStart": "52",
            "SrcEnd": "57",
            "AddType": "Expression",
            "Value": "$ Start.DebugText_Write.DebugTextViewer@invisibleup",
            "Condition": ""
        },
        {
            "ID": "HookAddr.DebugTextViewer@invisibleup",
            "Mode": "Repl",
            "File": "SONICR.EXE",
            "FileType": "",
            "Start": "( $ Start.HookAddr.InitHook@invisibleup ) + ( ( $ HookCount.InitHook@invisibleup - 1 ) * 4 )",
            "End": "( $ Start.HookAddr.InitHook@invisibleup ) + ( $ HookCount.InitHook@invisibleup * 4 )",
            "Len": "4",
            "SrcFile": "",
            "SrcFileType": "",
            "SrcFileLoc": "",
            "SrcStart": "",
            "SrcEnd": "",
            "AddType": "Expression",
            "Value": "$ Start.DebugText_Init.DebugTextViewer@invisibleup",
            "Condition": ""
        }
    ]
}