{
  "UUID": "SlopeSlipFix@invisibleup",
  "Name": "Slope Slippage Fix",
  "Info": "Forces slope physics to always apply when player is moving. See http://invisibleup.neocities.org/articles/6/ for details. You can edit the cutoff speed and angle yourself with the Options button!",
  "Author": "InvisibleUp",
  "Version": 1,
  "Date": "2016-11-16",
  "Category": "Code",
  "ML_Ver": "1.0.0",
  "GameUUID": "SonicR_PC_1998",
  "variables": [
    {
      "UUID": "SlopeFix_SpeedCutoff",
      "Type": "uInt32",
      "Value": "1000",
      "Desc": "Cutoff speed for slope physics",
      "PublicType": "Numeric"
    },
    {
      "UUID": "SlopeFix_AngleCutoff",
      "Type": "Int32",
      "Value": "0x0FFFFF138",
      "Desc": "Cutoff angle for slope physics",
      "PublicType": "Numeric"
    }
  ],
  "patches": [
    {
      "ID": "CharDiff_SlopeFix.SlopeSlipFix@invisibleup",
      "Mode": "Clear",
      "File": "SONICR.EXE",
      "FileType": "PE",
      "Start": "0x00485E20",
      "End": "0x00485E69"
    },
    {
      "ID": "CharDiff_SlopeFix.SlopeSlipFix@invisibleup",
      "Mode": "Copy",
      "File": "SONICR.EXE",
      "FileType": "PE",
      "Start": "0x00485E20",
      "End": "0x00485E69",
      "SrcFile": "code/CharDiff_SlopeFix.o",
      "SrcFileLoc": "Mod",
      "MiniPatches": [
        {
          "Pos": "0x00000010",
          "MaxLen": "4",
          "Expression": "$_Start.SlopeFix_SpeedCutoff.MODLOADER@invisibleup",
          "PatchMode": "ADD"
        },
        {
          "Pos": "0x00000021",
          "MaxLen": "4",
          "Expression": "$_Start.SlopeFix_AngleCutoff.MODLOADER@invisibleup",
          "PatchMode": "ADD"
        }
      ]
    }
  ]
}
