{
	"UUID": "nocd@invisibleup",
	"Name": "No CD Hack",
	"Info": "Lets the game run even without the CD present.",
	"Author": "InvisibleUp",
	"Version": 1,
	"Date": "2016-10-16",
	"Category": "Compatibility",
	"ML_Ver": "1.0.0",
	"GameUUID": "SonicR_PC_1998",

	"patches": [
		{
			"Mode": "Repl",
			"File": "SONICR.EXE",
			"Start": "0x00C13C3",
			"End": "0x00C13C5",
			
			"AddType": "Bytes",
			"Value": "9090"
		},
		{
			"Mode": "Repl",
			"File": "SONICR.EXE",
			"Start": "0x00C13EA",
			"End": "0x00C13ED",
			
			"AddType": "Bytes",
			"Value": "9090EB"
		}
	]
}
