{
	"UUID": "ClrNet@invisibleup",
	"Name": "Clear Network Space",
	"Info": "Removes some space used by the unused networking feature to add more space for mods.",
	"Author": "InvisibleUp",
	"Version": 1,
	"Date": "2017-04-21",
	"Category": "Clear",
	"ML_Ver": "1.0.0",
	"GameUUID": "SonicR_PC_1998",

	"patches": [
		{
			"Mode": "Clear",
			"File": "SONICR.EXE",
			"Start": "Net_Kill.MODLOADER@invisibleup"
		},
		{
			"Mode": "Clear",
			"File": "SONICR.EXE",
			"Start": "Net_BroadcastFail.MODLOADER@invisibleup"
		},
		{
			"Mode": "Clear",
			"File": "SONICR.EXE",
			"Start": "NetworkScreen_Loop.MODLOADER@invisibleup"
		},
		{
			"Mode": "Clear",
			"File": "SONICR.EXE",
			"Start": "Net_Connect.MODLOADER@invisibleup"
		},
		{
			"Mode": "Clear",
			"File": "SONICR.EXE",
			"Start": "Net_CreateLobby.MODLOADER@invisibleup"
		},
		{
			"Mode": "Clear",
			"File": "SONICR.EXE",
			"Start": "Net_JoinSession.MODLOADER@invisibleup"
		},
		{
			"Mode": "Clear",
			"File": "SONICR.EXE",
			"Start": "Net_CreateSession.MODLOADER@invisibleup"
		},
		{
			"Mode": "Clear",
			"File": "SONICR.EXE",
			"Start": "Net_SetPlayerData.MODLOADER@invisibleup"
		},
		{
			"Mode": "Clear",
			"File": "SONICR.EXE",
			"Start": "Net_EnumeratePlayers.MODLOADER@invisibleup"
		},
		{
			"Mode": "Clear",
			"File": "SONICR.EXE",
			"Start": "Net_GetPlayerData.MODLOADER@invisibleup"
		},
		{
			"Mode": "Clear",
			"File": "SONICR.EXE",
			"Start": "Net_AssignPlayerSlots.MODLOADER@invisibleup"
		},
		{
			"Mode": "Clear",
			"File": "SONICR.EXE",
			"Start": 490100,
			"End":  490188
		},
		{
			"Mode": "Clear",
			"File": "SONICR.EXE",
			"Start": 431688,
			"End":  432024
		},
		{
			"Mode": "Clear",
			"File": "SONICR.EXE",
			"Start": 546896,
			"End":  547392
		},
		{
			"Mode": "Clear",
			"File": "SONICR.EXE",
			"Start": 487516,
			"End":  487664
		},
		{
			"Mode": "Clear",
			"File": "SONICR.EXE",
			"Start": 502488,
			"End":  502608
		},
		{
			"Mode": "Clear",
			"File": "SONICR.EXE",
			"Start": 502320,
			"End":  502460
		},
		{
			"Mode": "Clear",
			"File": "SONICR.EXE",
			"Start": 502100,
			"End":  502320
		}
	]
}
