{
	"UUID": "cpufix@invisibleup",
	"Name": "Startup Crash Fix",
	"Info": "Fixes the crashing error that occurs when launching the game on modern systems.",
	"Author": "InvisibleUp",
	"Version": 1,
	"Date": "2015-05-06",
	"Category": "Compatibility",
	"ML_Ver": "1.0.0",
	"GameUUID": "SonicR_PC_1998",

	"patches": [
		{
			"Mode": "Repl",
			"File": "SONICR.EXE",
			"FileType": "PE",
			"Start": "0x480184",
			"End": "0x48018b",
			
			"AddType": "Bytes",
			"Value": "B8310000009090"
		},
		{
			"Mode": "Repl",
			"File": "SONICR.EXE",
			"FileType": "PE",
			"Start": 460192,
			"End": 460199,
			
			"AddType": "Bytes",
			"Value": "B8010000009090"
		}
	]
}
