{
    "UUID": "WidescreenHD@invisibleup",
    "Name": "Widescreen HD",
    "Info": "Unlocks the maximum resolution in the Options screen. Also replaces the 'Window size' option with an aspect ratio switcher, from 4:3 to 16:9.",
    "Author": "InvisibleUp",
    "Version": 1,
    "Date": "2017-10-04",
    "Category": "Code",
    "ML_Ver": "1.0.0",
    "GameUUID": "SonicR_PC_1998",
    "variables": [],
    "patches": [
        {
            "ID": "",
            "Mode": "REPL",
            "File": "SONICR.EXE",
            "FileType": "PE",
            "Start": "0x4CC18D",
            "End": "0x4CC192",
            "Len": "5",
            "SrcFile": "",
            "SrcFileType": "",
            "SrcFileLoc": "",
            "SrcStart": "",
            "SrcEnd": "",
            "AddType": "Bytes",
            "Value": "9090909090",
            "Condition": ""
        },
        {
            "ID": "",
            "Mode": "REPL",
            "File": "SONICR.EXE",
            "FileType": "PE",
            "Start": "0x492210",
            "End": "0x492217",
            "Len": "7",
            "SrcFile": "",
            "SrcFileType": "",
            "SrcFileLoc": "",
            "SrcStart": "",
            "SrcEnd": "",
            "AddType": "Bytes",
            "Value": "90909090909090",
            "Condition": ""
        },
        {
            "ID": "",
            "Mode": "REPL",
            "File": "SONICR.EXE",
            "FileType": "PE",
            "Start": "0x4CC0F7",
            "End": "0x4CC0F8",
            "Len": "1",
            "SrcFile": "",
            "SrcFileType": "",
            "SrcFileLoc": "",
            "SrcStart": "",
            "SrcEnd": "",
            "AddType": "Bytes",
            "Value": "FC",
            "Condition": ""
        },
        {
            "ID": "",
            "Mode": "REPL",
            "File": "SONICR.EXE",
            "FileType": "PE",
            "Start": "0x450C8D",
            "End": "0x450C8E",
            "Len": "1",
            "SrcFile": "",
            "SrcFileType": "",
            "SrcFileLoc": "",
            "SrcStart": "",
            "SrcEnd": "",
            "AddType": "Bytes",
            "Value": "FC",
            "Condition": ""
        },
        {
            "ID": "",
            "Mode": "REPL",
            "File": "SONICR.EXE",
            "FileType": "PE",
            "Start": "0x4CC206",
            "End": "0x4CC207",
            "Len": "1",
            "SrcFile": "",
            "SrcFileType": "",
            "SrcFileLoc": "",
            "SrcStart": "",
            "SrcEnd": "",
            "AddType": "Bytes",
            "Value": "98",
            "Condition": ""
        },
        {
            "ID": "",
            "Mode": "REPL",
            "File": "SONICR.EXE",
            "FileType": "PE",
            "Start": "0x4CC10E",
            "End": "0x4CC10F",
            "Len": "1",
            "SrcFile": "",
            "SrcFileType": "",
            "SrcFileLoc": "",
            "SrcStart": "",
            "SrcEnd": "",
            "AddType": "Bytes",
            "Value": "30",
            "Condition": ""
        },
        {
            "ID": "",
            "Mode": "CLEAR",
            "File": "SONICR.EXE",
            "FileType": "PE",
            "Start": "0x004CBE1A",
            "End": "0x004CBE5E",
            "Len": "5029483",
            "SrcFile": "bin/SetAspRatio.o",
            "SrcFileType": "",
            "SrcFileLoc": "Mod",
            "SrcStart": "52",
            "SrcEnd": "5029535",
            "AddType": "",
            "Value": "",
            "Condition": ""
        },
        {
            "ID": "SetAspRatio.WidescreenHD@invisibleup",
            "Mode": "COPY",
            "File": "SONICR.EXE",
            "FileType": "PE",
            "Start": "0x004CBE1A",
            "End": "0x004CBE5E",
            "Len": "5029483",
            "SrcFile": "bin/SetAspRatio.o",
            "SrcFileType": "",
            "SrcFileLoc": "Mod",
            "SrcStart": "52",
            "SrcEnd": "5029535",
            "AddType": "",
            "Value": "",
            "Condition": ""
        }
    ]
}