{
    "UUID": "InitHook@invisibleup",
    "Name": "Program Init Hook",
    "Info": "Gives a spot during program initilization for multiple custom functions to be called in succession.",
    "Author": "InvisibleUp",
    "Version": 1,
    "Date": "2016-12-16",
    "Category": "Code",
    "ML_Ver": "1.0.0",
    "Game": "SonicR_PC_1998",
    "variables": [
        {
            "UUID": "HookCount.InitHook@invisibleup",
            "Type": "uInt8",
            "Default": "0"
        }
    ],
    "patches": [
        {
            "ID": "HookAddr.InitHook@invisibleup",
            "Mode": "Reserve",
            "File": "SONICR.EXE",
            "FileType": "",
            "Start": "0",
            "End": "len @ SONICR.EXE",
            "Len": "( $ HookCount.InitHook@invisibleup ) * 4",
            "SrcFile": "",
            "SrcFileType": "",
            "SrcFileLoc": "",
            "SrcStart": "",
            "SrcEnd": "",
            "AddType": "",
            "Value": "",
            "Condition": ""
        },
        {
            "ID": "InitLoop.InitHook@invisibleup",
            "Mode": "COPY",
            "File": "SONICR.EXE",
            "FileType": "PE",
            "Start": "0",
            "End": "2147483647",
            "Len": "32",
            "SrcFile": "bin/InitLoop.o",
            "SrcFileType": "",
            "SrcFileLoc": "Mod",
            "SrcStart": "52",
            "SrcEnd": "84",
            "AddType": "",
            "Value": "",
            "Condition": ""
        },
        {
            "ID": "0.InitLoop.InitHook@invisibleup",
            "Mode": "REPL",
            "File": "SONICR.EXE",
            "FileType": "PE",
            "Start": "$ Start.InitLoop.InitHook@invisibleup + 9",
            "End": "$ Start.InitLoop.InitHook@invisibleup + 13",
            "Len": "4",
            "SrcFile": "bin/InitLoop.o",
            "SrcFileType": "",
            "SrcFileLoc": "Mod",
            "SrcStart": "52",
            "SrcEnd": "84",
            "AddType": "Expression",
            "Value": "$ HookCount.InitHook@invisibleup",
            "Condition": ""
        },
        {
            "ID": "1.InitLoop.InitHook@invisibleup",
            "Mode": "REPL",
            "File": "SONICR.EXE",
            "FileType": "PE",
            "Start": "$ Start.InitLoop.InitHook@invisibleup + 16",
            "End": "$ Start.InitLoop.InitHook@invisibleup + 20",
            "Len": "4",
            "SrcFile": "bin/InitLoop.o",
            "SrcFileType": "",
            "SrcFileLoc": "Mod",
            "SrcStart": "52",
            "SrcEnd": "84",
            "AddType": "Expression",
            "Value": "$ Start.HookAddr.InitHook@invisibleup",
            "Condition": ""
        },
        {
            "ID": "",
            "Mode": "CLEAR",
            "File": "SONICR.EXE",
            "FileType": "PE",
            "Start": "460265",
            "End": "460270",
            "Len": "5",
            "SrcFile": "bin/Inject.o",
            "SrcFileType": "",
            "SrcFileLoc": "Mod",
            "SrcStart": "52",
            "SrcEnd": "57",
            "AddType": "",
            "Value": "",
            "Condition": ""
        },
        {
            "ID": "Inject.InitHook@invisibleup",
            "Mode": "COPY",
            "File": "SONICR.EXE",
            "FileType": "PE",
            "Start": "460265",
            "End": "460270",
            "Len": "5",
            "SrcFile": "bin/Inject.o",
            "SrcFileType": "",
            "SrcFileLoc": "Mod",
            "SrcStart": "52",
            "SrcEnd": "57",
            "AddType": "",
            "Value": "",
            "Condition": ""
        },
        {
            "ID": "0.Inject.InitHook@invisibleup",
            "Mode": "REPL",
            "File": "SONICR.EXE",
            "FileType": "PE",
            "Start": "$ Start.Inject.InitHook@invisibleup + 1",
            "End": "$ Start.Inject.InitHook@invisibleup + 5",
            "Len": "4",
            "SrcFile": "bin/Inject.o",
            "SrcFileType": "",
            "SrcFileLoc": "Mod",
            "SrcStart": "52",
            "SrcEnd": "57",
            "AddType": "Expression",
            "Value": "$ Start.InitLoop.InitHook@invisibleup",
            "Condition": ""
        }
    ]
}